id,close_time,pl_pips,pocket,strategy,cum_pips,drawdown
1,2025-09-04 10:05:00+00:00,-5.0,micro,BB_RSI,-5.0,0.0
2,2025-09-04 12:00:00+00:00,30.0,macro,Donchian55,25.0,0.0
100,2025-09-23 03:56:54.197434+00:00,0.899999999998613,macro,TrendMA,25.899999999998613,0.0
104,2025-09-23 17:51:14.755608+00:00,1.1000000000024102,macro,TrendMA,27.000000000001023,0.0
103,2025-09-23 18:17:04.748712+00:00,1.2000000000000455,macro,TrendMA,28.20000000000107,0.0
99,2025-09-24 08:30:42.787521+00:00,58.799999999999386,macro,TrendMA,87.00000000000045,0.0
105,2025-09-24 13:42:31.820235+00:00,133.10000000000173,macro,TrendMA,220.10000000000218,0.0
106,2025-09-24 13:43:59.827472+00:00,133.0999999999989,macro,TrendMA,353.20000000000107,0.0
98,2025-09-25 00:17:34.364098+00:00,9.100000000000819,macro,TrendMA,362.3000000000019,0.0
92,2025-09-25 12:56:47.360367+00:00,1.0000000000019327,macro,TrendMA,363.3000000000038,0.0
95,2025-09-25 13:07:01.899061+00:00,0.9999999999990905,macro,TrendMA,364.3000000000029,0.0
94,2025-09-25 13:07:45.045354+00:00,0.9999999999990905,macro,TrendMA,365.300000000002,0.0
96,2025-09-25 13:19:02.552816+00:00,0.9999999999990905,macro,TrendMA,366.3000000000011,0.0
89,2025-09-25 14:07:30.673205+00:00,0.9999999999990905,macro,TrendMA,367.3000000000002,0.0
97,2025-09-25 23:30:09.014701+00:00,97.10000000000036,macro,TrendMA,464.40000000000055,0.0
87,2025-09-26 12:49:16.755991+00:00,1.0000000000019327,macro,TrendMA,465.4000000000025,0.0
86,2025-09-26 13:04:03.503338+00:00,1.0000000000019327,macro,TrendMA,466.4000000000044,0.0
59,2025-09-28 23:21:32.920986+00:00,-52.499999999997726,macro,TrendMA,413.9000000000067,-52.499999999997726
88,2025-09-28 23:21:39.096547+00:00,1.0000000000019327,macro,TrendMA,414.9000000000086,-51.499999999995794
91,2025-09-29 00:01:40.531502+00:00,1.0000000000019327,macro,TrendMA,415.90000000001055,-50.49999999999386
90,2025-09-29 00:01:44.798543+00:00,0.899999999998613,macro,TrendMA,416.80000000000916,-49.59999999999525
93,2025-09-29 00:05:28.778341+00:00,0.9999999999990905,macro,TrendMA,417.80000000000825,-48.59999999999616
41,2025-09-29 00:43:35.686738+00:00,-51.00000000000193,macro,TrendMA,366.8000000000063,-99.59999999999809
40,2025-09-29 00:48:39.664013+00:00,-52.00000000000102,macro,TrendMA,314.8000000000053,-151.5999999999991
38,2025-09-29 22:04:11.437245+00:00,-34.70000000000084,macro,TrendMA,280.10000000000446,-186.29999999999995
37,2025-09-29 22:27:06.787517+00:00,-36.89999999999998,macro,TrendMA,243.20000000000448,-223.19999999999993
36,2025-09-29 22:50:06.006214+00:00,-34.900000000001796,macro,TrendMA,208.30000000000268,-258.1000000000017
35,2025-09-29 23:20:06.701475+00:00,-41.30000000000109,macro,TrendMA,167.0000000000016,-299.4000000000028
34,2025-09-29 23:26:05.980312+00:00,-44.80000000000075,macro,TrendMA,122.20000000000084,-344.20000000000357
33,2025-09-29 23:48:10.573538+00:00,-26.800000000000068,macro,TrendMA,95.40000000000077,-371.00000000000364
14,2025-09-29 23:53:30.325284+00:00,-10.499999999998977,macro,TrendMA,84.9000000000018,-381.5000000000026
13,2025-09-30 01:14:09.951329+00:00,-9.600000000000364,macro,TrendMA,75.30000000000143,-391.100000000003
10,2025-09-30 01:54:47.210692+00:00,-11.899999999999977,macro,TrendMA,63.400000000001455,-403.00000000000296
11,2025-09-30 01:54:47.210692+00:00,-11.7999999999995,macro,TrendMA,51.600000000001955,-414.80000000000246
12,2025-09-30 02:01:29.729436+00:00,-10.3999999999985,macro,TrendMA,41.200000000003456,-425.20000000000095
9,2025-09-30 03:50:01.470174+00:00,9.499999999999886,macro,TrendMA,50.70000000000334,-415.70000000000107
7,2025-09-30 03:50:10.444979+00:00,9.600000000000364,macro,TrendMA,60.300000000003706,-406.1000000000007
6,2025-09-30 03:50:10.444979+00:00,9.700000000000841,macro,TrendMA,70.00000000000455,-396.39999999999986
5,2025-09-30 03:50:10.444979+00:00,9.700000000000841,macro,TrendMA,79.70000000000539,-386.699999999999
8,2025-09-30 03:50:19.804023+00:00,9.699999999997999,macro,TrendMA,89.40000000000339,-377.000000000001
4,2025-09-30 04:26:20.725998+00:00,9.700000000000841,macro,TrendMA,99.10000000000423,-367.3000000000002
3,2025-09-30 04:26:45.002486+00:00,9.600000000000364,macro,TrendMA,108.7000000000046,-357.6999999999998
417,2025-09-30 05:16:37.910003+00:00,9.000000000000341,macro,TrendMA,117.70000000000493,-348.6999999999995
416,2025-09-30 05:16:37.920331+00:00,9.599999999997522,macro,TrendMA,127.30000000000246,-339.10000000000196
413,2025-09-30 05:20:57.339194+00:00,9.600000000000364,macro,TrendMA,136.90000000000282,-329.5000000000016
415,2025-09-30 05:21:54.668597+00:00,9.700000000000841,macro,TrendMA,146.60000000000366,-319.80000000000075
414,2025-09-30 05:27:16.398441+00:00,9.799999999998477,macro,TrendMA,156.40000000000214,-310.0000000000023
412,2025-09-30 06:32:14.181024+00:00,9.600000000000364,macro,TrendMA,166.0000000000025,-300.4000000000019
411,2025-09-30 06:33:46.350492+00:00,9.300000000001774,macro,TrendMA,175.30000000000427,-291.10000000000014
410,2025-09-30 07:18:34.504440+00:00,8.70000000000175,macro,TrendMA,184.00000000000603,-282.3999999999984
409,2025-09-30 07:41:50.813914+00:00,-10.500000000001819,macro,TrendMA,173.5000000000042,-292.9000000000002
407,2025-09-30 07:56:23.435283+00:00,-9.499999999999886,macro,TrendMA,164.00000000000432,-302.4000000000001
408,2025-09-30 08:08:52.070309+00:00,10.099999999999909,macro,TrendMA,174.10000000000423,-292.3000000000002
406,2025-09-30 08:15:18.187136+00:00,9.600000000000364,macro,TrendMA,183.7000000000046,-282.6999999999998
405,2025-09-30 08:16:03.914584+00:00,9.800000000001319,macro,TrendMA,193.5000000000059,-272.8999999999985
399,2025-09-30 09:32:39.403964+00:00,-10.3999999999985,macro,TrendMA,183.1000000000074,-283.299999999997
400,2025-09-30 09:32:39.623692+00:00,-9.399999999999409,macro,TrendMA,173.700000000008,-292.6999999999964
402,2025-09-30 09:55:00.231489+00:00,-10.599999999999454,macro,TrendMA,163.10000000000855,-303.29999999999586
403,2025-09-30 10:14:20.947252+00:00,-10.3999999999985,macro,TrendMA,152.70000000001005,-313.69999999999436
401,2025-09-30 10:14:20.947252+00:00,-10.3999999999985,macro,TrendMA,142.30000000001155,-324.09999999999286
397,2025-09-30 10:43:51.369854+00:00,-10.400000000001342,macro,TrendMA,131.9000000000102,-334.4999999999942
404,2025-09-30 10:48:20.814993+00:00,-10.699999999999932,macro,TrendMA,121.20000000001028,-345.19999999999413
396,2025-09-30 12:48:05.021274+00:00,9.000000000000341,macro,TrendMA,130.20000000001062,-336.1999999999938
392,2025-09-30 13:08:02.993608+00:00,-11.400000000000432,macro,TrendMA,118.80000000001019,-347.5999999999942
391,2025-09-30 13:08:27.412491+00:00,-10.300000000000864,macro,TrendMA,108.50000000000932,-357.8999999999951
393,2025-09-30 13:08:27.866045+00:00,-10.499999999998977,macro,TrendMA,98.00000000001035,-368.39999999999407
394,2025-09-30 13:26:03.010180+00:00,-9.300000000001774,macro,TrendMA,88.70000000000857,-377.69999999999584
395,2025-09-30 13:48:25.909535+00:00,9.100000000000819,macro,TrendMA,97.80000000000939,-368.599999999995
390,2025-09-30 13:49:20.214028+00:00,9.600000000000364,macro,TrendMA,107.40000000000975,-358.99999999999466
387,2025-09-30 13:59:30.889338+00:00,-10.499999999998977,macro,TrendMA,96.90000000001078,-369.49999999999363
388,2025-09-30 14:00:05.632170+00:00,-11.700000000001864,macro,TrendMA,85.20000000000891,-381.1999999999955
386,2025-09-30 14:00:05.632170+00:00,-10.000000000002274,macro,TrendMA,75.20000000000664,-391.1999999999978
389,2025-09-30 14:00:24.409209+00:00,-10.599999999999454,macro,TrendMA,64.60000000000719,-401.7999999999972
384,2025-09-30 14:17:44.678299+00:00,-9.200000000001296,macro,TrendMA,55.40000000000589,-410.9999999999985
385,2025-09-30 14:17:58.616954+00:00,-11.899999999999977,macro,TrendMA,43.50000000000591,-422.8999999999985
383,2025-09-30 14:57:22.671939+00:00,8.70000000000175,macro,TrendMA,52.20000000000766,-414.19999999999675
382,2025-09-30 14:57:38.162941+00:00,9.499999999999886,macro,TrendMA,61.70000000000755,-404.69999999999686
381,2025-09-30 15:07:43.787082+00:00,-11.199999999999477,macro,TrendMA,50.50000000000807,-415.89999999999634
380,2025-09-30 15:07:43.787082+00:00,-11.000000000001364,macro,TrendMA,39.50000000000671,-426.8999999999977
379,2025-09-30 16:43:00.083555+00:00,9.000000000000341,macro,TrendMA,48.50000000000705,-417.89999999999736
378,2025-09-30 16:52:55.182276+00:00,9.800000000001319,macro,TrendMA,58.30000000000837,-408.09999999999604
375,2025-09-30 17:34:31.491254+00:00,-11.499999999998067,macro,TrendMA,46.8000000000103,-419.5999999999941
376,2025-09-30 17:47:14.517458+00:00,-10.299999999998022,macro,TrendMA,36.50000000001228,-429.89999999999213
377,2025-09-30 17:48:47.443456+00:00,-10.699999999999932,macro,TrendMA,25.800000000012346,-440.59999999999206
372,2025-09-30 23:44:03.944340+00:00,-11.400000000000432,macro,TrendMA,14.400000000011914,-451.9999999999925
374,2025-09-30 23:46:13.148568+00:00,-9.699999999997999,macro,TrendMA,4.700000000013915,-461.6999999999905
373,2025-09-30 23:53:13.018637+00:00,-10.80000000000041,macro,TrendMA,-6.099999999986494,-472.4999999999909
371,2025-10-01 01:36:08.447123+00:00,9.600000000000364,macro,TrendMA,3.50000000001387,-462.89999999999054
370,2025-10-01 01:56:08.890320+00:00,9.600000000000364,macro,TrendMA,13.100000000014234,-453.2999999999902
369,2025-10-01 02:02:53.449440+00:00,9.600000000000364,macro,TrendMA,22.700000000014597,-443.6999999999898
367,2025-10-01 03:32:32.246186+00:00,-10.3999999999985,macro,TrendMA,12.300000000016098,-454.0999999999883
368,2025-10-01 04:23:37.540354+00:00,10.099999999999909,macro,TrendMA,22.400000000016007,-443.9999999999884
366,2025-10-01 04:32:58.781154+00:00,9.799999999998477,macro,TrendMA,32.200000000014484,-434.1999999999899
364,2025-10-01 04:51:07.838724+00:00,10.000000000002274,macro,TrendMA,42.20000000001676,-424.19999999998765
365,2025-10-01 04:51:13.331059+00:00,9.700000000000841,macro,TrendMA,51.9000000000176,-414.4999999999868
363,2025-10-01 04:51:57.174462+00:00,10.200000000000387,macro,TrendMA,62.100000000017985,-404.2999999999864
362,2025-10-01 04:51:58.877368+00:00,8.799999999999386,macro,TrendMA,70.90000000001737,-395.49999999998704
361,2025-10-01 05:00:09.689776+00:00,8.600000000001273,macro,TrendMA,79.50000000001864,-386.89999999998577
360,2025-10-01 06:01:03.603745+00:00,9.700000000000841,macro,TrendMA,89.20000000001949,-377.1999999999849
359,2025-10-01 06:06:20.909034+00:00,9.600000000000364,macro,TrendMA,98.80000000001985,-367.59999999998456
358,2025-10-01 06:07:00.262966+00:00,9.599999999997522,macro,TrendMA,108.40000000001737,-357.99999999998704
356,2025-10-01 06:36:30.644622+00:00,10.099999999999909,macro,TrendMA,118.50000000001728,-347.89999999998713
357,2025-10-01 06:37:28.064825+00:00,11.199999999999477,macro,TrendMA,129.70000000001676,-336.69999999998765
355,2025-10-01 06:43:06.782764+00:00,9.699999999997999,macro,TrendMA,139.40000000001476,-326.99999999998965
353,2025-10-01 06:56:25.714209+00:00,-10.499999999998977,macro,TrendMA,128.90000000001578,-337.49999999998863
352,2025-10-01 07:03:30.049449+00:00,9.800000000001319,macro,TrendMA,138.7000000000171,-327.6999999999873
354,2025-10-01 07:13:08.817617+00:00,8.500000000000796,macro,TrendMA,147.2000000000179,-319.1999999999865
351,2025-10-01 07:27:41.307386+00:00,-10.599999999999454,macro,TrendMA,136.60000000001844,-329.79999999998597
350,2025-10-01 08:17:40.264299+00:00,9.600000000000364,macro,TrendMA,146.2000000000188,-320.1999999999856
349,2025-10-01 08:17:42.895983+00:00,10.200000000000387,macro,TrendMA,156.4000000000192,-309.9999999999852
348,2025-10-01 08:36:25.042519+00:00,9.999999999999432,macro,TrendMA,166.40000000001862,-299.9999999999858
346,2025-10-01 08:39:30.609197+00:00,9.999999999999432,macro,TrendMA,176.40000000001805,-289.99999999998636
347,2025-10-01 08:39:30.609197+00:00,10.599999999999454,macro,TrendMA,187.0000000000175,-279.3999999999869
345,2025-10-01 08:41:57.676796+00:00,-10.599999999999454,macro,TrendMA,176.40000000001805,-289.99999999998636
344,2025-10-01 09:50:39.163841+00:00,-11.000000000001364,macro,TrendMA,165.4000000000167,-300.9999999999877
341,2025-10-01 12:00:00.370233+00:00,9.600000000000364,macro,TrendMA,175.00000000001705,-291.39999999998736
343,2025-10-01 12:00:02.473120+00:00,9.600000000000364,macro,TrendMA,184.60000000001742,-281.799999999987
342,2025-10-01 12:15:47.251933+00:00,10.699999999999932,macro,TrendMA,195.30000000001735,-271.09999999998706
339,2025-10-01 12:15:47.251933+00:00,10.500000000001819,macro,TrendMA,205.80000000001917,-260.59999999998524
340,2025-10-01 12:15:47.262658+00:00,9.700000000000841,macro,TrendMA,215.50000000002,-250.8999999999844
338,2025-10-01 12:20:29.482856+00:00,-10.899999999998045,macro,TrendMA,204.60000000002196,-261.79999999998245
337,2025-10-01 12:20:38.544232+00:00,-7.499999999998863,macro,TrendMA,197.1000000000231,-269.2999999999813
335,2025-10-01 12:35:27.930325+00:00,-9.600000000000364,macro,TrendMA,187.50000000002274,-278.8999999999817
334,2025-10-01 12:37:32.378302+00:00,-10.900000000000887,macro,TrendMA,176.60000000002185,-289.79999999998256
336,2025-10-01 12:37:32.822236+00:00,-9.000000000000341,macro,TrendMA,167.6000000000215,-298.7999999999829
332,2025-10-01 13:15:03.175412+00:00,-11.7999999999995,macro,TrendMA,155.800000000022,-310.5999999999824
333,2025-10-01 13:15:03.222270+00:00,-9.999999999999432,macro,TrendMA,145.80000000002258,-320.59999999998183
331,2025-10-01 13:15:03.222270+00:00,-7.599999999999341,macro,TrendMA,138.20000000002324,-328.1999999999812
329,2025-10-01 13:32:03.649715+00:00,9.499999999999886,macro,TrendMA,147.70000000002312,-318.6999999999813
330,2025-10-01 13:32:03.819656+00:00,9.600000000000364,macro,TrendMA,157.3000000000235,-309.0999999999809
328,2025-10-01 13:38:09.474146+00:00,-11.199999999999477,macro,TrendMA,146.100000000024,-320.2999999999804
327,2025-10-01 13:38:27.684449+00:00,-9.999999999999432,macro,TrendMA,136.10000000002458,-330.29999999997983
325,2025-10-01 14:00:02.984906+00:00,-11.7999999999995,macro,TrendMA,124.30000000002508,-342.09999999997933
326,2025-10-01 14:00:03.350937+00:00,-11.899999999999977,macro,TrendMA,112.4000000000251,-353.9999999999793
324,2025-10-01 14:45:14.771438+00:00,9.600000000000364,macro,TrendMA,122.00000000002547,-344.39999999997895
323,2025-10-01 14:45:39.096064+00:00,8.29999999999984,macro,TrendMA,130.3000000000253,-336.0999999999791
321,2025-10-01 16:18:02.138270+00:00,-10.999999999998522,macro,TrendMA,119.30000000002678,-347.0999999999776
322,2025-10-01 16:18:02.162637+00:00,-10.300000000000864,macro,TrendMA,109.00000000002592,-357.3999999999785
318,2025-10-01 18:01:28.990814+00:00,-10.500000000001819,macro,TrendMA,98.5000000000241,-367.8999999999803
320,2025-10-01 18:28:53.453049+00:00,9.000000000000341,macro,TrendMA,107.50000000002444,-358.89999999997997
319,2025-10-01 18:30:51.750345+00:00,9.599999999997522,macro,TrendMA,117.10000000002196,-349.29999999998245
316,2025-10-01 19:28:29.515046+00:00,-10.400000000001342,macro,TrendMA,106.70000000002062,-359.6999999999838
315,2025-10-01 22:43:07.015207+00:00,9.600000000000364,macro,TrendMA,116.30000000002099,-350.0999999999834
308,2025-10-01 23:59:09.549547+00:00,-10.400000000001342,macro,TrendMA,105.90000000001965,-360.49999999998477
307,2025-10-01 23:59:15.417156+00:00,-10.499999999998977,macro,TrendMA,95.40000000002067,-370.99999999998374
311,2025-10-02 00:00:08.968090+00:00,-10.3999999999985,macro,TrendMA,85.00000000002217,-381.39999999998224
309,2025-10-02 00:00:30.571430+00:00,-10.499999999998977,macro,TrendMA,74.50000000002319,-391.8999999999812
310,2025-10-02 00:00:30.571430+00:00,-10.400000000001342,macro,TrendMA,64.10000000002185,-402.29999999998256
312,2025-10-02 00:00:43.799023+00:00,-10.999999999998522,macro,TrendMA,53.10000000002333,-413.2999999999811
313,2025-10-02 00:05:47.946252+00:00,-10.3999999999985,macro,TrendMA,42.70000000002483,-423.6999999999796
314,2025-10-02 00:05:47.956275+00:00,-11.000000000001364,macro,TrendMA,31.700000000023465,-434.69999999998095
317,2025-10-02 00:05:47.968689+00:00,-10.799999999997567,macro,TrendMA,20.900000000025898,-445.4999999999785
304,2025-10-02 01:25:12.706263+00:00,11.100000000001842,macro,TrendMA,32.00000000002774,-434.39999999997667
305,2025-10-02 01:25:12.706263+00:00,9.100000000000819,macro,TrendMA,41.10000000002856,-425.29999999997585
303,2025-10-02 01:25:28.250565+00:00,9.799999999998477,macro,TrendMA,50.900000000027035,-415.4999999999774
306,2025-10-02 01:25:28.358646+00:00,12.000000000000455,macro,TrendMA,62.90000000002749,-403.4999999999769
301,2025-10-02 01:25:35.151530+00:00,9.600000000000364,macro,TrendMA,72.50000000002785,-393.89999999997656
302,2025-10-02 01:25:38.678205+00:00,8.400000000000318,macro,TrendMA,80.90000000002817,-385.49999999997624
299,2025-10-02 01:38:48.863317+00:00,10.80000000000041,macro,TrendMA,91.70000000002858,-374.69999999997583
300,2025-10-02 01:38:48.959376+00:00,9.800000000001319,macro,TrendMA,101.5000000000299,-364.8999999999745
298,2025-10-02 02:36:59.792134+00:00,-10.499999999998977,macro,TrendMA,91.00000000003092,-375.3999999999735
295,2025-10-02 04:14:44.780119+00:00,-10.699999999999932,macro,TrendMA,80.30000000003099,-386.0999999999734
296,2025-10-02 05:02:59.323172+00:00,-10.3999999999985,macro,TrendMA,69.90000000003249,-396.4999999999719
297,2025-10-02 05:04:59.221019+00:00,-10.999999999998522,macro,TrendMA,58.90000000003397,-407.49999999997044
294,2025-10-02 06:10:48.892466+00:00,9.600000000000364,macro,TrendMA,68.50000000003433,-397.8999999999701
289,2025-10-02 06:30:09.786384+00:00,-10.499999999998977,macro,TrendMA,58.00000000003536,-408.39999999996905
293,2025-10-02 06:35:46.781190+00:00,9.699999999997999,macro,TrendMA,67.70000000003336,-398.69999999997106
292,2025-10-02 06:36:10.552515+00:00,9.999999999999432,macro,TrendMA,77.70000000003279,-388.6999999999716
291,2025-10-02 06:36:11.824569+00:00,9.999999999999432,macro,TrendMA,87.70000000003222,-378.6999999999722
290,2025-10-02 06:36:37.730653+00:00,9.400000000002251,macro,TrendMA,97.10000000003447,-369.29999999996994
288,2025-10-02 06:37:22.058595+00:00,9.300000000001774,macro,TrendMA,106.40000000003624,-359.99999999996817
286,2025-10-02 07:25:21.080749+00:00,-11.699999999999022,macro,TrendMA,94.70000000003722,-371.6999999999672
287,2025-10-02 07:49:12.641410+00:00,10.099999999999909,macro,TrendMA,104.80000000003713,-361.5999999999673
284,2025-10-02 08:14:52.178137+00:00,9.499999999999886,macro,TrendMA,114.30000000003702,-352.0999999999674
285,2025-10-02 08:27:17.025732+00:00,9.600000000000364,macro,TrendMA,123.90000000003738,-342.49999999996703
283,2025-10-02 08:37:01.712084+00:00,9.400000000002251,macro,TrendMA,133.30000000003963,-333.0999999999648
281,2025-10-02 08:48:35.166507+00:00,9.200000000001296,macro,TrendMA,142.50000000004093,-323.8999999999635
282,2025-10-02 08:49:22.088498+00:00,9.599999999997522,macro,TrendMA,152.10000000003845,-314.29999999996596
279,2025-10-02 09:26:00.199536+00:00,8.500000000000796,macro,TrendMA,160.60000000003924,-305.79999999996517
280,2025-10-02 09:26:00.336830+00:00,9.700000000000841,macro,TrendMA,170.3000000000401,-296.0999999999643
278,2025-10-02 09:26:26.131289+00:00,9.400000000002251,macro,TrendMA,179.70000000004234,-286.6999999999621
277,2025-10-02 09:37:38.944870+00:00,9.600000000000364,macro,TrendMA,189.3000000000427,-277.0999999999617
275,2025-10-02 09:37:40.248315+00:00,8.799999999999386,macro,TrendMA,198.1000000000421,-268.2999999999623
276,2025-10-02 09:45:27.565496+00:00,10.199999999997544,macro,TrendMA,208.30000000003963,-258.0999999999648
271,2025-10-02 10:04:28.138937+00:00,-10.499999999998977,macro,TrendMA,197.80000000004065,-268.59999999996376
272,2025-10-02 10:40:02.074988+00:00,-11.000000000001364,macro,TrendMA,186.8000000000393,-279.5999999999651
274,2025-10-02 10:40:10.980973+00:00,-10.999999999998522,macro,TrendMA,175.80000000004077,-290.59999999996364
269,2025-10-02 11:40:29.701163+00:00,-10.599999999999454,macro,TrendMA,165.2000000000413,-301.1999999999631
270,2025-10-02 11:40:55.275854+00:00,-9.999999999999432,macro,TrendMA,155.20000000004188,-311.19999999996253
273,2025-10-02 11:43:08.039907+00:00,-10.699999999999932,macro,TrendMA,144.50000000004195,-321.89999999996246
268,2025-10-02 13:40:00.895797+00:00,-11.199999999999477,macro,TrendMA,133.30000000004247,-333.09999999996194
267,2025-10-02 14:44:13.637225+00:00,-10.300000000000864,macro,TrendMA,123.00000000004161,-343.3999999999628
266,2025-10-02 16:17:46.632054+00:00,9.600000000000364,macro,TrendMA,132.60000000004197,-333.79999999996244
265,2025-10-02 16:55:04.067782+00:00,9.399999999999409,macro,TrendMA,142.00000000004138,-324.39999999996303
264,2025-10-02 16:58:33.452069+00:00,9.600000000000364,macro,TrendMA,151.60000000004175,-314.79999999996267
261,2025-10-02 19:59:51.065971+00:00,-9.999999999999432,macro,TrendMA,141.60000000004231,-324.7999999999621
262,2025-10-02 19:59:54.594453+00:00,-10.400000000001342,macro,TrendMA,131.20000000004097,-335.19999999996344
259,2025-10-02 20:47:19.339130+00:00,-10.500000000001819,macro,TrendMA,120.70000000003915,-345.69999999996526
260,2025-10-02 20:47:19.339130+00:00,-10.500000000001819,macro,TrendMA,110.20000000003733,-356.1999999999671
258,2025-10-02 23:17:51.001320+00:00,8.699999999998909,macro,TrendMA,118.90000000003624,-347.49999999996817
257,2025-10-02 23:18:37.183874+00:00,9.000000000000341,macro,TrendMA,127.90000000003658,-338.4999999999678
263,2025-10-02 23:28:27.970866+00:00,9.599999999997522,macro,TrendMA,137.5000000000341,-328.8999999999703
254,2025-10-03 00:01:35.719241+00:00,-10.300000000000864,macro,TrendMA,127.20000000003324,-339.19999999997117
255,2025-10-03 00:04:47.670198+00:00,-10.80000000000041,macro,TrendMA,116.40000000003283,-349.9999999999716
256,2025-10-03 00:05:24.116216+00:00,-10.3999999999985,macro,TrendMA,106.00000000003433,-360.3999999999701
253,2025-10-03 01:04:30.619032+00:00,-10.499999999998977,macro,TrendMA,95.50000000003536,-370.89999999996905
252,2025-10-03 02:05:32.780224+00:00,-10.300000000000864,macro,TrendMA,85.20000000003449,-381.1999999999699
250,2025-10-03 02:06:13.419809+00:00,-11.299999999999955,macro,TrendMA,73.90000000003454,-392.4999999999699
251,2025-10-03 02:06:14.377387+00:00,-9.399999999999409,macro,TrendMA,64.50000000003513,-401.8999999999693
246,2025-10-03 04:33:02.642760+00:00,-10.799999999997567,macro,TrendMA,53.70000000003756,-412.69999999996685
247,2025-10-03 05:07:55.627400+00:00,-10.499999999998977,macro,TrendMA,43.200000000038585,-423.1999999999658
249,2025-10-03 05:18:39.053628+00:00,10.200000000000387,macro,TrendMA,53.40000000003897,-412.99999999996544
248,2025-10-03 05:21:12.323702+00:00,9.600000000000364,macro,TrendMA,63.000000000039336,-403.3999999999651
245,2025-10-03 05:56:12.156632+00:00,-10.099999999999909,macro,TrendMA,52.90000000003943,-413.499999999965
244,2025-10-03 05:56:12.311979+00:00,-11.199999999999477,macro,TrendMA,41.70000000003995,-424.69999999996446
242,2025-10-03 06:23:01.099872+00:00,9.699999999997999,macro,TrendMA,51.40000000003795,-414.99999999996646
243,2025-10-03 06:36:34.900637+00:00,9.400000000002251,macro,TrendMA,60.8000000000402,-405.5999999999642
241,2025-10-03 06:36:40.559594+00:00,9.600000000000364,macro,TrendMA,70.40000000004056,-395.99999999996385
240,2025-10-03 06:42:18.509262+00:00,8.00000000000125,macro,TrendMA,78.40000000004181,-387.9999999999626
239,2025-10-03 06:52:22.712109+00:00,-9.799999999998477,macro,TrendMA,68.60000000004334,-397.7999999999611
238,2025-10-03 07:09:17.361357+00:00,-10.599999999999454,macro,TrendMA,58.00000000004388,-408.3999999999605
236,2025-10-03 07:37:46.050926+00:00,9.600000000000364,macro,TrendMA,67.60000000004425,-398.79999999996016
235,2025-10-03 07:55:43.064761+00:00,9.799999999998477,macro,TrendMA,77.40000000004272,-388.9999999999617
237,2025-10-03 08:00:08.497949+00:00,9.600000000000364,macro,TrendMA,87.00000000004309,-379.3999999999613
234,2025-10-03 08:54:13.127412+00:00,10.3999999999985,macro,TrendMA,97.40000000004159,-368.9999999999628
233,2025-10-03 09:04:49.822870+00:00,-10.200000000000387,macro,TrendMA,87.2000000000412,-379.1999999999632
232,2025-10-03 12:03:26.038736+00:00,-10.400000000001342,macro,TrendMA,76.80000000003986,-389.59999999996455
231,2025-10-03 12:03:26.038736+00:00,-10.400000000001342,macro,TrendMA,66.40000000003852,-399.9999999999659
229,2025-10-06 00:46:45.464818+00:00,0.9000000000014552,macro,TrendMA,67.30000000003997,-399.09999999996444
218,2025-10-06 04:02:07.698281+00:00,0.9999999999990905,macro,TrendMA,68.30000000003906,-398.09999999996535
219,2025-10-06 04:02:07.708480+00:00,0.9999999999990905,macro,TrendMA,69.30000000003815,-397.09999999996626
220,2025-10-06 04:02:07.718551+00:00,0.7999999999981355,macro,TrendMA,70.10000000003629,-396.2999999999681
221,2025-10-06 04:02:07.718551+00:00,0.9999999999990905,macro,TrendMA,71.10000000003538,-395.29999999996903
223,2025-10-06 04:02:12.077181+00:00,0.9000000000014552,macro,TrendMA,72.00000000003683,-394.3999999999676
224,2025-10-06 04:02:12.745155+00:00,1.0000000000019327,macro,TrendMA,73.00000000003877,-393.39999999996564
222,2025-10-06 04:02:13.206190+00:00,0.7999999999981355,macro,TrendMA,73.8000000000369,-392.5999999999675
206,2025-10-06 05:44:16.991698+00:00,1.0000000000019327,macro,TrendMA,74.80000000003884,-391.5999999999656
204,2025-10-06 05:44:48.314582+00:00,0.9999999999990905,macro,TrendMA,75.80000000003793,-390.5999999999665
205,2025-10-06 05:44:48.501839+00:00,0.8000000000009777,macro,TrendMA,76.6000000000389,-389.7999999999655
203,2025-10-06 05:44:48.572580+00:00,0.8000000000009777,macro,TrendMA,77.40000000003988,-388.99999999996453
207,2025-10-06 05:51:51.310621+00:00,0.6000000000000227,macro,TrendMA,78.0000000000399,-388.3999999999645
208,2025-10-06 06:00:10.081236+00:00,0.9999999999990905,macro,TrendMA,79.000000000039,-387.3999999999654
212,2025-10-06 06:00:52.528470+00:00,1.0000000000019327,macro,TrendMA,80.00000000004093,-386.3999999999635
210,2025-10-06 06:00:56.789167+00:00,0.7999999999981355,macro,TrendMA,80.80000000003906,-385.59999999996535
209,2025-10-06 06:00:56.799789+00:00,0.8000000000009777,macro,TrendMA,81.60000000004004,-384.79999999996437
211,2025-10-06 06:00:56.847061+00:00,0.9999999999990905,macro,TrendMA,82.60000000003913,-383.7999999999653
213,2025-10-06 06:37:03.396793+00:00,0.9999999999990905,macro,TrendMA,83.60000000003822,-382.7999999999662
214,2025-10-06 06:37:06.829765+00:00,0.9999999999990905,macro,TrendMA,84.60000000003731,-381.7999999999671
215,2025-10-06 06:37:10.131317+00:00,0.9999999999990905,macro,TrendMA,85.6000000000364,-380.799999999968
216,2025-10-06 06:58:21.708953+00:00,1.0000000000019327,macro,TrendMA,86.60000000003834,-379.7999999999661
217,2025-10-06 06:59:50.721444+00:00,1.0000000000019327,macro,TrendMA,87.60000000004027,-378.79999999996414
585,2025-10-06 09:15:19.998787+00:00,1.0000000000019327,macro,TrendMA,88.6000000000422,-377.7999999999622
228,2025-10-06 12:55:31.764783+00:00,0.9999999999990905,macro,TrendMA,89.60000000004129,-376.7999999999631
230,2025-10-06 12:55:33.629864+00:00,0.9000000000014552,macro,TrendMA,90.50000000004275,-375.89999999996166
226,2025-10-06 12:55:34.435639+00:00,0.9999999999990905,macro,TrendMA,91.50000000004184,-374.8999999999626
225,2025-10-06 12:55:34.435639+00:00,0.9999999999990905,macro,TrendMA,92.50000000004093,-373.8999999999635
584,2025-10-07 01:27:06.397308+00:00,1.0000000000019327,macro,TrendMA,93.50000000004286,-372.89999999996155
582,2025-10-07 01:27:06.917808+00:00,0.9999999999990905,macro,TrendMA,94.50000000004195,-371.89999999996246
583,2025-10-07 01:27:06.983397+00:00,0.9000000000014552,macro,TrendMA,95.4000000000434,-370.999999999961
576,2025-10-07 06:10:46.078516+00:00,1.0000000000019327,macro,TrendMA,96.40000000004534,-369.9999999999591
573,2025-10-07 06:58:01.364235+00:00,1.0000000000019327,macro,TrendMA,97.40000000004727,-368.99999999995714
581,2025-10-07 06:58:02.551373+00:00,0.9999999999990905,macro,TrendMA,98.40000000004636,-367.99999999995805
579,2025-10-07 07:18:36.559267+00:00,1.0000000000019327,macro,TrendMA,99.4000000000483,-366.9999999999561
575,2025-10-07 07:20:26.810464+00:00,0.899999999998613,macro,TrendMA,100.30000000004691,-366.0999999999575
580,2025-10-07 07:25:38.747152+00:00,0.9999999999990905,macro,TrendMA,101.300000000046,-365.0999999999584
562,2025-10-07 12:00:26.276340+00:00,0.9999999999990905,macro,TrendMA,102.30000000004509,-364.0999999999593
565,2025-10-07 12:25:26.461317+00:00,0.8000000000009777,macro,TrendMA,103.10000000004607,-363.29999999995835
563,2025-10-07 12:52:45.993338+00:00,0.899999999998613,macro,TrendMA,104.00000000004468,-362.39999999995973
564,2025-10-07 13:02:55.125414+00:00,0.9999999999990905,macro,TrendMA,105.00000000004377,-361.39999999996064
566,2025-10-07 13:02:57.098901+00:00,0.9999999999990905,macro,TrendMA,106.00000000004286,-360.39999999996155
559,2025-10-07 14:11:56.998330+00:00,0.9999999999990905,macro,TrendMA,107.00000000004195,-359.39999999996246
557,2025-10-07 14:11:56.998330+00:00,0.9999999999990905,macro,TrendMA,108.00000000004104,-358.39999999996337
555,2025-10-07 14:11:57.303523+00:00,0.9999999999990905,macro,TrendMA,109.00000000004013,-357.3999999999643
554,2025-10-07 14:11:57.623479+00:00,1.0000000000019327,macro,TrendMA,110.00000000004206,-356.39999999996235
560,2025-10-07 14:15:39.640506+00:00,0.9000000000014552,macro,TrendMA,110.90000000004352,-355.4999999999609
550,2025-10-07 15:07:38.552935+00:00,1.0000000000019327,macro,TrendMA,111.90000000004545,-354.49999999995896
551,2025-10-07 15:09:29.408753+00:00,0.9000000000014552,macro,TrendMA,112.80000000004691,-353.5999999999575
552,2025-10-07 15:09:29.418936+00:00,0.899999999998613,macro,TrendMA,113.70000000004552,-352.6999999999589
558,2025-10-07 15:10:25.866765+00:00,1.0000000000019327,macro,TrendMA,114.70000000004745,-351.69999999995696
553,2025-10-07 15:16:11.533803+00:00,1.0000000000019327,macro,TrendMA,115.70000000004939,-350.699999999955
227,2025-10-07 16:40:49.242720+00:00,156.00000000000023,macro,TrendMA,271.7000000000496,-194.6999999999548
574,2025-10-07 19:46:32.981592+00:00,153.60000000000014,macro,TrendMA,425.30000000004975,-41.09999999995466
577,2025-10-07 20:13:07.744710+00:00,151.39999999999816,macro,TrendMA,576.7000000000479,0.0
538,2025-10-07 21:51:29.378342+00:00,0.40000000000190994,macro,TrendMA,577.1000000000498,0.0
578,2025-10-08 00:00:11.190680+00:00,148.90000000000043,macro,TrendMA,726.0000000000502,0.0
572,2025-10-08 00:00:47.099887+00:00,149.50000000000045,macro,TrendMA,875.5000000000507,0.0
569,2025-10-08 00:01:04.399517+00:00,149.5999999999981,macro,TrendMA,1025.1000000000488,0.0
568,2025-10-08 00:01:09.961640+00:00,148.90000000000043,macro,TrendMA,1174.000000000049,0.0
567,2025-10-08 00:01:09.961640+00:00,149.79999999999905,macro,TrendMA,1323.8000000000482,0.0
571,2025-10-08 00:01:10.015593+00:00,149.5999999999981,macro,TrendMA,1473.4000000000462,0.0
570,2025-10-08 00:01:20.390327+00:00,149.79999999999905,macro,TrendMA,1623.2000000000453,0.0
556,2025-10-08 00:05:58.926134+00:00,139.1999999999996,macro,TrendMA,1762.4000000000449,0.0
561,2025-10-08 00:30:23.547033+00:00,146.0000000000008,macro,TrendMA,1908.4000000000456,0.0
531,2025-10-08 01:34:32.302485+00:00,0.9999999999990905,macro,TrendMA,1909.4000000000447,0.0
532,2025-10-08 01:40:51.329016+00:00,1.0000000000019327,macro,TrendMA,1910.4000000000465,0.0
533,2025-10-08 01:40:56.846337+00:00,0.9999999999990905,macro,TrendMA,1911.4000000000456,0.0
530,2025-10-08 01:42:36.014970+00:00,0.39999999999906777,macro,TrendMA,1911.8000000000447,0.0
548,2025-10-08 01:59:37.331631+00:00,147.39999999999895,macro,TrendMA,2059.2000000000435,0.0
545,2025-10-08 02:00:35.868375+00:00,148.19999999999993,macro,TrendMA,2207.4000000000433,0.0
549,2025-10-08 02:00:36.075562+00:00,148.599999999999,macro,TrendMA,2356.0000000000423,0.0
544,2025-10-08 02:00:36.282879+00:00,147.29999999999848,macro,TrendMA,2503.3000000000407,0.0
546,2025-10-08 02:00:36.282879+00:00,147.199999999998,macro,TrendMA,2650.5000000000387,0.0
529,2025-10-08 02:21:58.078698+00:00,0.7000000000005002,macro,TrendMA,2651.200000000039,0.0
528,2025-10-08 02:26:32.776361+00:00,0.899999999998613,macro,TrendMA,2652.1000000000377,0.0
527,2025-10-08 02:30:48.662884+00:00,0.9999999999990905,macro,TrendMA,2653.1000000000367,0.0
526,2025-10-08 02:35:03.459548+00:00,0.9999999999990905,macro,TrendMA,2654.100000000036,0.0
534,2025-10-08 02:48:50.260168+00:00,0.9999999999990905,macro,TrendMA,2655.100000000035,0.0
915,2025-10-08 08:05:00.662108+00:00,0.7000000000005002,macro,TrendMA,2655.8000000000357,0.0
917,2025-10-08 08:05:05.012866+00:00,0.7999999999981355,macro,TrendMA,2656.600000000034,0.0
543,2025-10-08 08:55:36.149133+00:00,147.5999999999999,macro,TrendMA,2804.200000000034,0.0
547,2025-10-08 08:55:36.171957+00:00,149.79999999999905,macro,TrendMA,2954.0000000000327,0.0
542,2025-10-08 09:02:51.118530+00:00,149.8000000000019,macro,TrendMA,3103.8000000000347,0.0
905,2025-10-08 09:06:15.511768+00:00,1.0000000000019327,macro,TrendMA,3104.8000000000366,0.0
904,2025-10-08 09:06:16.365152+00:00,0.8000000000009777,macro,TrendMA,3105.6000000000377,0.0
541,2025-10-08 09:31:24.436217+00:00,153.8000000000011,macro,TrendMA,3259.4000000000387,0.0
903,2025-10-08 10:24:54.891075+00:00,0.9999999999990905,macro,TrendMA,3260.400000000038,0.0
897,2025-10-08 10:57:55.162505+00:00,-19.599999999999795,macro,TrendMA,3240.800000000038,-19.59999999999991
539,2025-10-08 10:57:55.162505+00:00,109.10000000000082,macro,TrendMA,3349.9000000000387,0.0
535,2025-10-08 10:57:55.162505+00:00,77.89999999999964,macro,TrendMA,3427.8000000000384,0.0
525,2025-10-08 10:57:55.162505+00:00,11.899999999999977,macro,TrendMA,3439.7000000000385,0.0
524,2025-10-08 10:57:55.162505+00:00,9.600000000000364,macro,TrendMA,3449.300000000039,0.0
523,2025-10-08 10:57:55.162505+00:00,4.000000000002046,macro,TrendMA,3453.300000000041,0.0
522,2025-10-08 10:57:55.162505+00:00,7.800000000000296,macro,TrendMA,3461.1000000000413,0.0
521,2025-10-08 10:57:55.162505+00:00,18.39999999999975,macro,TrendMA,3479.500000000041,0.0
520,2025-10-08 10:57:55.162505+00:00,14.500000000001023,macro,TrendMA,3494.000000000042,0.0
519,2025-10-08 10:57:55.162505+00:00,13.400000000001455,macro,TrendMA,3507.4000000000433,0.0
516,2025-10-08 10:57:55.162505+00:00,19.200000000000728,macro,TrendMA,3526.600000000044,0.0
517,2025-10-08 10:57:55.162505+00:00,14.19999999999959,macro,TrendMA,3540.800000000044,0.0
898,2025-10-08 10:57:55.162505+00:00,-30.699999999998795,macro,TrendMA,3510.100000000045,-30.69999999999891
518,2025-10-08 10:57:55.162505+00:00,12.600000000000477,macro,TrendMA,3522.7000000000453,-18.099999999998545
900,2025-10-08 10:57:55.162505+00:00,-25.7000000000005,macro,TrendMA,3497.0000000000446,-43.79999999999927
912,2025-10-08 10:57:55.162505+00:00,15.900000000002024,macro,TrendMA,3512.9000000000465,-27.899999999997362
911,2025-10-08 10:57:55.162505+00:00,10.200000000000387,macro,TrendMA,3523.1000000000467,-17.69999999999709
910,2025-10-08 10:57:55.162505+00:00,14.000000000001478,macro,TrendMA,3537.100000000048,-3.6999999999957254
909,2025-10-08 10:57:55.162505+00:00,18.200000000001637,macro,TrendMA,3555.3000000000497,0.0
899,2025-10-08 10:57:55.162505+00:00,-27.199999999999136,macro,TrendMA,3528.1000000000504,-27.199999999999363
914,2025-10-08 10:57:55.162505+00:00,18.999999999999773,macro,TrendMA,3547.1000000000504,-8.199999999999363
913,2025-10-08 10:57:55.162505+00:00,16.100000000000136,macro,TrendMA,3563.2000000000507,0.0
536,2025-10-08 10:57:55.162505+00:00,81.8000000000012,macro,TrendMA,3645.000000000052,0.0
916,2025-10-08 10:57:55.162505+00:00,15.100000000001046,macro,TrendMA,3660.100000000053,0.0
907,2025-10-08 10:57:55.162505+00:00,13.300000000000978,macro,TrendMA,3673.400000000054,0.0
906,2025-10-08 10:57:55.162505+00:00,11.199999999999477,macro,TrendMA,3684.6000000000536,0.0
902,2025-10-08 10:57:55.162505+00:00,-23.999999999998067,macro,TrendMA,3660.6000000000554,-23.99999999999818
901,2025-10-08 10:57:55.162505+00:00,-26.39999999999816,macro,TrendMA,3634.200000000057,-50.39999999999645
908,2025-10-08 10:57:55.162505+00:00,15.900000000002024,macro,TrendMA,3650.100000000059,-34.49999999999454
1303,2025-10-08 14:26:43.579524+00:00,0.9999999999990905,macro,TrendMA,3651.100000000058,-33.49999999999545
1302,2025-10-08 14:26:50.180027+00:00,0.9999999999990905,macro,TrendMA,3652.100000000057,-32.49999999999636
2123,2025-10-08 18:28:33.556936+00:00,1.0000000000019327,macro,TrendMA,3653.100000000059,-31.499999999994543
2124,2025-10-08 18:29:03.499698+00:00,0.8000000000009777,macro,TrendMA,3653.90000000006,-30.69999999999345
2125,2025-10-08 18:31:03.373983+00:00,1.0000000000019327,macro,TrendMA,3654.900000000062,-29.699999999991633
2126,2025-10-08 18:36:59.205322+00:00,1.0000000000019327,macro,TrendMA,3655.9000000000638,-28.699999999989814
2127,2025-10-08 18:39:13.186819+00:00,0.9000000000014552,macro,TrendMA,3656.800000000065,-27.79999999998836
2129,2025-10-08 18:39:13.335470+00:00,0.9999999999990905,macro,TrendMA,3657.8000000000643,-26.799999999989268
2128,2025-10-08 18:40:05.456715+00:00,1.0000000000019327,macro,TrendMA,3658.800000000066,-25.79999999998745
1301,2025-10-08 21:36:10.994423+00:00,0.899999999998613,macro,TrendMA,3659.700000000065,-24.899999999988722
1299,2025-10-08 21:40:56.949108+00:00,-0.30000000000143245,macro,TrendMA,3659.4000000000633,-25.19999999999027
1300,2025-10-08 21:46:21.248478+00:00,1.0000000000019327,macro,TrendMA,3660.400000000065,-24.19999999998845
2115,2025-10-09 01:04:26.722550+00:00,0.9999999999990905,macro,TrendMA,3661.400000000064,-23.19999999998936
2120,2025-10-09 07:12:21.022365+00:00,1.0000000000019327,macro,TrendMA,3662.400000000066,-22.19999999998754
2121,2025-10-09 07:12:21.022365+00:00,1.0000000000019327,macro,TrendMA,3663.400000000068,-21.19999999998572
2122,2025-10-09 07:12:21.044431+00:00,0.9999999999990905,macro,TrendMA,3664.400000000067,-20.19999999998663
2660,2025-10-09 07:45:40.078472+00:00,1.0,micro,,3665.400000000067,-19.19999999998663
2659,2025-10-09 07:46:14.880437+00:00,1.0,micro,,3666.400000000067,-18.19999999998663
2658,2025-10-09 07:46:43.889804+00:00,1.0,micro,,3667.400000000067,-17.19999999998663
2119,2025-10-09 09:04:40.782450+00:00,1.0,micro,,3668.400000000067,-16.19999999998663
2113,2025-10-09 09:04:40.793401+00:00,0.9,micro,,3669.300000000067,-15.29999999998654
2114,2025-10-09 09:04:41.772783+00:00,0.7,micro,,3670.000000000067,-14.599999999986721
2118,2025-10-09 09:04:41.772783+00:00,0.8,micro,,3670.800000000067,-13.79999999998654
2116,2025-10-09 09:04:42.588595+00:00,0.5,micro,,3671.300000000067,-13.29999999998654
2117,2025-10-09 09:04:42.599619+00:00,0.6,micro,,3671.900000000067,-12.69999999998663
2661,2025-10-09 09:04:42.834519+00:00,1.0,micro,,3672.900000000067,-11.69999999998663
2662,2025-10-09 09:04:44.337039+00:00,1.0,micro,,3673.900000000067,-10.69999999998663
2668,2025-10-09 09:04:46.183718+00:00,0.4,micro,,3674.300000000067,-10.29999999998654
2667,2025-10-09 09:04:49.467461+00:00,0.8,micro,,3675.100000000067,-9.499999999986358
2665,2025-10-09 09:04:49.467461+00:00,1.0,micro,,3676.100000000067,-8.499999999986358
2666,2025-10-09 09:04:49.893325+00:00,0.9,micro,,3677.0000000000673,-7.599999999986267
2664,2025-10-09 09:04:49.893325+00:00,0.9,micro,,3677.9000000000674,-6.699999999986176
2652,2025-10-09 11:20:02.411305+00:00,1.0,micro,,3678.9000000000674,-5.699999999986176
2653,2025-10-09 11:20:09.292844+00:00,1.0,micro,,3679.9000000000674,-4.699999999986176
2655,2025-10-09 11:23:55.417687+00:00,1.0,micro,,3680.9000000000674,-3.6999999999861757
2654,2025-10-09 12:08:24.323536+00:00,0.9,micro,,3681.8000000000675,-2.7999999999860847
2651,2025-10-09 12:45:10.480781+00:00,1.0,micro,,3682.8000000000675,-1.7999999999860847
2657,2025-10-09 13:07:02.935470+00:00,-76.4,micro,,3606.4000000000674,-78.19999999998618
2656,2025-10-09 13:07:03.349755+00:00,-76.2,micro,,3530.2000000000676,-154.399999999986
2646,2025-10-09 13:50:31.879292+00:00,0.9,micro,,3531.1000000000677,-153.4999999999859
2645,2025-10-09 13:50:31.879292+00:00,0.9,micro,,3532.0000000000678,-152.5999999999858
2648,2025-10-09 13:54:24.814712+00:00,1.0,micro,,3533.0000000000678,-151.5999999999858
2638,2025-10-09 14:40:24.724043+00:00,1.0,micro,,3534.0000000000678,-150.5999999999858
2641,2025-10-09 14:40:24.757110+00:00,1.0,micro,,3535.0000000000678,-149.5999999999858
2640,2025-10-09 14:40:24.757110+00:00,0.9,micro,,3535.900000000068,-148.69999999998572
2639,2025-10-09 14:40:33.159054+00:00,1.0,micro,,3536.900000000068,-147.69999999998572
2642,2025-10-09 14:41:51.070563+00:00,1.0,micro,,3537.900000000068,-146.69999999998572
2644,2025-10-09 14:46:12.013105+00:00,1.0,micro,,3538.900000000068,-145.69999999998572
2630,2025-10-09 15:34:31.266590+00:00,1.0,micro,,3539.900000000068,-144.69999999998572
2633,2025-10-09 15:46:31.409429+00:00,1.0,micro,,3540.900000000068,-143.69999999998572
2631,2025-10-09 15:46:31.421824+00:00,1.0,micro,,3541.900000000068,-142.69999999998572
2632,2025-10-09 15:47:44.133864+00:00,1.0,micro,,3542.900000000068,-141.69999999998572
2643,2025-10-09 17:03:06.913688+00:00,1.0,micro,,3543.900000000068,-140.69999999998572
2540,2025-10-09 18:48:34.544814+00:00,-5.7,micro,,3538.200000000068,-146.39999999998554
2542,2025-10-09 18:48:37.859631+00:00,-7.7,micro,,3530.500000000068,-154.09999999998536
2541,2025-10-09 19:00:59.888779+00:00,-4.0,micro,,3526.500000000068,-158.09999999998536
2543,2025-10-09 19:01:30.988772+00:00,-4.1,micro,,3522.4000000000683,-162.19999999998527
2545,2025-10-09 19:01:30.988772+00:00,-4.0,micro,,3518.4000000000683,-166.19999999998527
2544,2025-10-09 19:03:07.954246+00:00,-4.0,micro,,3514.4000000000683,-170.19999999998527
2539,2025-10-09 19:46:53.012357+00:00,0.8,micro,,3515.2000000000685,-169.39999999998508
2536,2025-10-09 19:46:57.488466+00:00,-4.3,micro,,3510.9000000000683,-173.69999999998527
2537,2025-10-09 19:47:41.113574+00:00,-4.8,micro,,3506.100000000068,-178.49999999998545
2538,2025-10-09 19:50:53.226481+00:00,1.0,micro,,3507.100000000068,-177.49999999998545
2546,2025-10-09 19:51:24.747757+00:00,-5.2,micro,,3501.9000000000683,-182.69999999998527
2619,2025-10-09 23:18:31.238896+00:00,1.0,micro,,3502.9000000000683,-181.69999999998527
2620,2025-10-09 23:21:17.117905+00:00,0.7,micro,,3503.600000000068,-180.99999999998545
2621,2025-10-09 23:21:17.169507+00:00,1.0,micro,,3504.600000000068,-179.99999999998545
2622,2025-10-09 23:22:23.755523+00:00,1.0,micro,,3505.600000000068,-178.99999999998545
2549,2025-10-10 01:16:30.827805+00:00,0.9,micro,,3506.500000000068,-178.09999999998536
2548,2025-10-10 03:36:21.859618+00:00,0.9,micro,,3507.4000000000683,-177.19999999998527
2547,2025-10-10 03:38:47.945931+00:00,1.0,micro,,3508.4000000000683,-176.19999999998527
2610,2025-10-10 06:35:04.462430+00:00,0.8,micro,,3509.2000000000685,-175.39999999998508
2611,2025-10-10 06:35:09.396170+00:00,1.0,micro,,3510.2000000000685,-174.39999999998508
2616,2025-10-10 06:35:45.686479+00:00,-76.7,micro,,3433.5000000000687,-251.0999999999849
2617,2025-10-10 06:37:06.733506+00:00,-75.1,micro,,3358.4000000000688,-326.1999999999848
2618,2025-10-10 06:37:16.178594+00:00,-75.4,micro,,3283.0000000000687,-401.5999999999849
2612,2025-10-10 15:00:38.050869+00:00,-58.7,micro,,3224.300000000069,-460.2999999999847
2614,2025-10-10 15:01:23.904325+00:00,-73.8,micro,,3150.5000000000687,-534.0999999999849
2613,2025-10-10 15:01:28.869793+00:00,-73.2,micro,,3077.300000000069,-607.2999999999847
2615,2025-10-10 15:02:35.965794+00:00,-72.0,micro,,3005.300000000069,-679.2999999999847
3049,2025-10-13 15:51:20.864449+00:00,2.4,micro,,3007.700000000069,-676.8999999999846
3047,2025-10-13 15:51:20.864449+00:00,2.2,micro,,3009.9000000000688,-674.6999999999848
3048,2025-10-13 15:51:20.864449+00:00,2.4,micro,,3012.300000000069,-672.2999999999847
3050,2025-10-13 15:51:20.939911+00:00,0.0,micro,,3012.300000000069,-672.2999999999847
3051,2025-10-13 15:51:20.939911+00:00,1.6,micro,,3013.9000000000688,-670.6999999999848
3052,2025-10-13 15:51:20.939911+00:00,2.0,micro,,3015.9000000000688,-668.6999999999848
3060,2025-10-13 16:00:53.124892+00:00,-2.1,micro,,3013.800000000069,-670.7999999999847
3057,2025-10-13 16:00:53.124892+00:00,-3.4,micro,,3010.4000000000688,-674.1999999999848
3058,2025-10-13 16:00:53.124892+00:00,-2.6,micro,,3007.800000000069,-676.7999999999847
3059,2025-10-13 16:00:53.124892+00:00,-2.6,micro,,3005.200000000069,-679.3999999999846
3056,2025-10-13 16:00:53.124892+00:00,-2.2,micro,,3003.000000000069,-681.5999999999844
3069,2025-10-13 16:04:21.612243+00:00,-2.8,micro,,3000.200000000069,-684.3999999999846
3065,2025-10-13 16:04:21.612243+00:00,-2.2,micro,,2998.000000000069,-686.5999999999844
3066,2025-10-13 16:05:16.073942+00:00,-3.2,micro,,2994.8000000000693,-689.7999999999843
3067,2025-10-13 16:05:16.073942+00:00,-2.0,micro,,2992.8000000000693,-691.7999999999843
3068,2025-10-13 16:05:16.073942+00:00,-3.1,micro,,2989.7000000000694,-694.8999999999842
3219,2025-10-13 16:05:16.219268+00:00,-2.0,micro,,2987.7000000000694,-696.8999999999842
3224,2025-10-13 16:06:46.813738+00:00,1.2,micro,,2988.900000000069,-695.6999999999844
3071,2025-10-13 16:14:36.624238+00:00,1.2,micro,,2990.100000000069,-694.4999999999845
127,2025-10-14 07:11:38+00:00,,macro,TrendMA,,
15,2025-10-14 07:11:38+00:00,,macro,TrendMA,,
151,2025-10-14 07:11:38+00:00,,macro,TrendMA,,
153,2025-10-14 07:11:38+00:00,,micro,BB_RSI,,
154,2025-10-14 07:11:38+00:00,,micro,BB_RSI,,
155,2025-10-14 07:11:38+00:00,,micro,BB_RSI,,
156,2025-10-14 07:11:38+00:00,,micro,BB_RSI,,
158,2025-10-14 07:11:38+00:00,,micro,BB_RSI,,
159,2025-10-14 07:11:38+00:00,,micro,BB_RSI,,
161,2025-10-14 07:11:38+00:00,,micro,BB_RSI,,
163,2025-10-14 07:11:38+00:00,,micro,BB_RSI,,
164,2025-10-14 07:11:38+00:00,,micro,BB_RSI,,
166,2025-10-14 07:11:38+00:00,,micro,BB_RSI,,
167,2025-10-14 07:11:38+00:00,,micro,BB_RSI,,
168,2025-10-14 07:11:38+00:00,,micro,BB_RSI,,
169,2025-10-14 07:11:38+00:00,,macro,TrendMA,,
170,2025-10-14 07:11:38+00:00,,micro,BB_RSI,,
171,2025-10-14 07:11:38+00:00,,macro,TrendMA,,
172,2025-10-14 07:11:38+00:00,,macro,TrendMA,,
173,2025-10-14 07:11:38+00:00,,macro,TrendMA,,
174,2025-10-14 07:11:38+00:00,,macro,TrendMA,,
150,2025-10-14 07:11:38+00:00,,macro,TrendMA,,
149,2025-10-14 07:11:38+00:00,,macro,TrendMA,,
148,2025-10-14 07:11:38+00:00,,macro,TrendMA,,
147,2025-10-14 07:11:38+00:00,,macro,TrendMA,,
126,2025-10-14 07:11:38+00:00,,macro,TrendMA,,
128,2025-10-14 07:11:38+00:00,,macro,TrendMA,,
129,2025-10-14 07:11:38+00:00,,macro,TrendMA,,
130,2025-10-14 07:11:38+00:00,,macro,TrendMA,,
131,2025-10-14 07:11:38+00:00,,macro,TrendMA,,
132,2025-10-14 07:11:38+00:00,,macro,TrendMA,,
133,2025-10-14 07:11:38+00:00,,macro,TrendMA,,
134,2025-10-14 07:11:38+00:00,,macro,TrendMA,,
135,2025-10-14 07:11:38+00:00,,macro,TrendMA,,
175,2025-10-14 07:11:38+00:00,,macro,TrendMA,,
136,2025-10-14 07:11:38+00:00,,macro,TrendMA,,
138,2025-10-14 07:11:38+00:00,,macro,TrendMA,,
139,2025-10-14 07:11:38+00:00,,macro,TrendMA,,
140,2025-10-14 07:11:38+00:00,,macro,TrendMA,,
141,2025-10-14 07:11:38+00:00,,macro,TrendMA,,
142,2025-10-14 07:11:38+00:00,,macro,TrendMA,,
143,2025-10-14 07:11:38+00:00,,macro,TrendMA,,
144,2025-10-14 07:11:38+00:00,,macro,TrendMA,,
145,2025-10-14 07:11:38+00:00,,macro,TrendMA,,
146,2025-10-14 07:11:38+00:00,,macro,TrendMA,,
137,2025-10-14 07:11:38+00:00,,macro,TrendMA,,
176,2025-10-14 07:11:38+00:00,,macro,TrendMA,,
165,2025-10-14 07:11:38+00:00,,micro,BB_RSI,,
178,2025-10-14 07:11:38+00:00,,macro,TrendMA,,
202,2025-10-14 07:11:38+00:00,,macro,TrendMA,,
125,2025-10-14 07:11:38+00:00,,macro,TrendMA,,
124,2025-10-14 07:11:38+00:00,,macro,TrendMA,,
123,2025-10-14 07:11:38+00:00,,macro,TrendMA,,
122,2025-10-14 07:11:38+00:00,,macro,TrendMA,,
121,2025-10-14 07:11:38+00:00,,macro,TrendMA,,
120,2025-10-14 07:11:38+00:00,,macro,TrendMA,,
119,2025-10-14 07:11:38+00:00,,macro,TrendMA,,
177,2025-10-14 07:11:38+00:00,,macro,TrendMA,,
201,2025-10-14 07:11:38+00:00,,macro,TrendMA,,
117,2025-10-14 07:11:38+00:00,,macro,TrendMA,,
115,2025-10-14 07:11:38+00:00,,micro,BB_RSI,,
114,2025-10-14 07:11:38+00:00,,micro,BB_RSI,,
112,2025-10-14 07:11:38+00:00,,micro,BB_RSI,,
111,2025-10-14 07:11:38+00:00,,macro,TrendMA,,
110,2025-10-14 07:11:38+00:00,,macro,TrendMA,,
109,2025-10-14 07:11:38+00:00,,macro,TrendMA,,
108,2025-10-14 07:11:38+00:00,,micro,BB_RSI,,
107,2025-10-14 07:11:38+00:00,,micro,BB_RSI,,
101,2025-10-14 07:11:38+00:00,,micro,BB_RSI,,
116,2025-10-14 07:11:38+00:00,,macro,TrendMA,,
200,2025-10-14 07:11:38+00:00,,macro,TrendMA,,
118,2025-10-14 07:11:38+00:00,,micro,BB_RSI,,
198,2025-10-14 07:11:38+00:00,,macro,TrendMA,,
181,2025-10-14 07:11:38+00:00,,macro,TrendMA,,
182,2025-10-14 07:11:38+00:00,,macro,TrendMA,,
183,2025-10-14 07:11:38+00:00,,macro,TrendMA,,
184,2025-10-14 07:11:38+00:00,,macro,TrendMA,,
185,2025-10-14 07:11:38+00:00,,macro,TrendMA,,
186,2025-10-14 07:11:38+00:00,,macro,TrendMA,,
187,2025-10-14 07:11:38+00:00,,macro,TrendMA,,
188,2025-10-14 07:11:38+00:00,,macro,TrendMA,,
199,2025-10-14 07:11:38+00:00,,macro,TrendMA,,
189,2025-10-14 07:11:38+00:00,,macro,TrendMA,,
190,2025-10-14 07:11:38+00:00,,macro,TrendMA,,
191,2025-10-14 07:11:38+00:00,,macro,TrendMA,,
192,2025-10-14 07:11:38+00:00,,macro,TrendMA,,
193,2025-10-14 07:11:38+00:00,,macro,TrendMA,,
194,2025-10-14 07:11:38+00:00,,macro,TrendMA,,
195,2025-10-14 07:11:38+00:00,,macro,TrendMA,,
196,2025-10-14 07:11:38+00:00,,macro,TrendMA,,
179,2025-10-14 07:11:38+00:00,,macro,TrendMA,,
197,2025-10-14 07:11:38+00:00,,macro,TrendMA,,
180,2025-10-14 07:11:38+00:00,,macro,TrendMA,,
3228,2025-10-14 10:00:11.277305+00:00,-10.4,micro,,2979.700000000069,-704.8999999999846
3230,2025-10-14 11:44:32.853570+00:00,-8.6,micro,,2971.100000000069,-713.4999999999845
3232,2025-10-14 12:17:13.979169+00:00,7.0,micro,,2978.100000000069,-706.4999999999845
3235,2025-10-14 12:22:17.796382+00:00,14.2,micro,,2992.300000000069,-692.2999999999847
3234,2025-10-14 12:46:59.748549+00:00,1.0,micro,,2993.300000000069,-691.2999999999847
3239,2025-10-14 13:15:00.584796+00:00,8.2,micro,,3001.5000000000687,-683.0999999999849
3243,2025-10-14 13:20:39.893660+00:00,-3.3,micro,,2998.2000000000685,-686.3999999999851
3244,2025-10-14 13:39:12.907375+00:00,9.4,micro,,3007.6000000000686,-676.999999999985
3245,2025-10-14 13:39:12.907375+00:00,9.4,micro,,3017.0000000000687,-667.5999999999849
3246,2025-10-14 13:39:12.907375+00:00,-0.4,micro,,3016.6000000000686,-667.999999999985
3247,2025-10-14 13:39:49.964360+00:00,-3.4,micro,,3013.2000000000685,-671.3999999999851
3252,2025-10-14 13:43:27.542822+00:00,-2.7,micro,,3010.5000000000687,-674.0999999999849
3254,2025-10-14 13:45:52.788554+00:00,4.0,micro,,3014.5000000000687,-670.0999999999849
3256,2025-10-14 13:54:22.902729+00:00,-7.7,micro,,3006.800000000069,-677.7999999999847
3258,2025-10-14 13:54:23.311131+00:00,-9.2,micro,,2997.600000000069,-686.9999999999845
3261,2025-10-14 13:59:26.669189+00:00,-3.6,micro,,2994.000000000069,-690.5999999999844
3262,2025-10-14 13:59:41.453130+00:00,-3.3,micro,,2990.700000000069,-693.8999999999846
3265,2025-10-14 14:00:41.493150+00:00,-3.5,micro,,2987.200000000069,-697.3999999999846
3267,2025-10-14 14:01:14.261409+00:00,-3.1,micro,,2984.100000000069,-700.4999999999845
3269,2025-10-14 14:02:25.670444+00:00,-2.0,micro,,2982.100000000069,-702.4999999999845
3271,2025-10-14 14:04:38.912540+00:00,-3.0,micro,,2979.100000000069,-705.4999999999845
3272,2025-10-14 14:04:38.912540+00:00,-3.0,micro,,2976.100000000069,-708.4999999999845
3276,2025-10-14 14:08:18.967595+00:00,4.0,micro,,2980.100000000069,-704.4999999999845
3275,2025-10-14 14:08:23.494284+00:00,3.2,micro,,2983.300000000069,-701.2999999999847
3279,2025-10-14 14:11:04.223396+00:00,1.0,micro,,2984.300000000069,-700.2999999999847
3257,2025-10-14 14:11:04.223396+00:00,-8.4,micro,,2975.9000000000688,-708.6999999999848
3280,2025-10-14 14:19:48.707899+00:00,3.7,micro,,2979.6000000000686,-704.999999999985
3285,2025-10-14 14:29:20.290098+00:00,-2.6,micro,,2977.0000000000687,-707.5999999999849
3284,2025-10-14 14:29:36.058521+00:00,-9.0,micro,,2968.0000000000687,-716.5999999999849
3289,2025-10-14 14:31:49.552445+00:00,3.5,micro,,2971.5000000000687,-713.0999999999849
3288,2025-10-14 14:31:49.983352+00:00,4.6,micro,,2976.1000000000686,-708.499999999985
3293,2025-10-14 14:45:07.486236+00:00,3.4,micro,,2979.5000000000687,-705.0999999999849
3292,2025-10-14 14:45:08.043564+00:00,3.4,micro,,2982.9000000000688,-701.6999999999848
3296,2025-10-14 14:54:08.251000+00:00,3.7,micro,,2986.6000000000686,-697.999999999985
3297,2025-10-14 14:54:08.251000+00:00,3.7,micro,,2990.3000000000684,-694.2999999999852
3298,2025-10-14 14:54:37.038920+00:00,2.1,micro,,2992.4000000000683,-692.1999999999853
3302,2025-10-14 14:57:33.725772+00:00,-3.1,micro,,2989.3000000000684,-695.2999999999852
3303,2025-10-14 14:57:36.816376+00:00,-2.9,micro,,2986.4000000000683,-698.1999999999853
3306,2025-10-14 15:00:01.021569+00:00,-2.6,micro,,2983.8000000000684,-700.7999999999852
3309,2025-10-14 15:03:45.673657+00:00,3.6,micro,,2987.4000000000683,-697.1999999999853
3310,2025-10-14 15:03:47.178416+00:00,3.6,micro,,2991.000000000068,-693.5999999999854
3311,2025-10-14 15:03:47.178416+00:00,4.2,micro,,2995.200000000068,-689.3999999999855
3307,2025-10-14 15:03:48.168811+00:00,4.0,micro,,2999.200000000068,-685.3999999999855
3316,2025-10-14 15:17:08.708685+00:00,7.3,micro,,3006.500000000068,-678.0999999999854
3317,2025-10-14 15:18:40.164877+00:00,-3.5,micro,,3003.000000000068,-681.5999999999854
3320,2025-10-14 15:19:44.018706+00:00,-4.0,micro,,2999.000000000068,-685.5999999999854
3323,2025-10-14 15:41:07.271415+00:00,0.6,micro,,2999.600000000068,-684.9999999999854
3324,2025-10-14 15:41:07.271415+00:00,1.2,micro,,3000.800000000068,-683.7999999999856
3322,2025-10-14 15:41:07.271415+00:00,5.3,micro,,3006.100000000068,-678.4999999999854
3325,2025-10-14 15:43:51.703879+00:00,3.6,micro,,3009.700000000068,-674.8999999999855
3329,2025-10-14 15:43:51.703879+00:00,3.8,micro,,3013.500000000068,-671.0999999999854
3330,2025-10-14 15:44:01.149300+00:00,3.9,micro,,3017.4000000000683,-667.1999999999853
3334,2025-10-14 16:01:04.079345+00:00,6.0,micro,,3023.4000000000683,-661.1999999999853
3335,2025-10-14 16:05:19.162879+00:00,2.7,micro,,3026.100000000068,-658.4999999999854
3337,2025-10-14 16:05:31.617284+00:00,3.1,micro,,3029.200000000068,-655.3999999999855
3340,2025-10-14 16:20:12.473217+00:00,-2.6,micro,,3026.600000000068,-657.9999999999854
3342,2025-10-14 16:22:23.280982+00:00,3.0,micro,,3029.600000000068,-654.9999999999854
3343,2025-10-14 16:22:26.740922+00:00,3.8,micro,,3033.4000000000683,-651.1999999999853
3346,2025-10-14 16:23:36.561413+00:00,-3.9,micro,,3029.500000000068,-655.0999999999854
3349,2025-10-14 16:25:35.143583+00:00,-3.9,micro,,3025.600000000068,-658.9999999999854
3348,2025-10-14 16:29:32.308074+00:00,4.5,micro,,3030.100000000068,-654.4999999999854
3351,2025-10-14 16:29:57.733739+00:00,5.0,micro,,3035.100000000068,-649.4999999999854
3353,2025-10-14 16:29:57.733739+00:00,3.8,micro,,3038.9000000000683,-645.6999999999853
3352,2025-10-14 16:29:57.744166+00:00,4.3,micro,,3043.2000000000685,-641.3999999999851
3358,2025-10-14 16:40:04.750118+00:00,5.6,micro,,3048.8000000000684,-635.7999999999852
3359,2025-10-14 16:40:35.005512+00:00,-1.8,micro,,3047.000000000068,-637.5999999999854
3363,2025-10-14 16:42:58.763787+00:00,-2.8,micro,,3044.200000000068,-640.3999999999855
3365,2025-10-14 16:43:23.017451+00:00,-2.7,micro,,3041.500000000068,-643.0999999999854
3362,2025-10-14 16:43:30.807479+00:00,-3.2,micro,,3038.3000000000684,-646.2999999999852
3368,2025-10-14 16:45:29.873596+00:00,-3.2,micro,,3035.1000000000686,-649.499999999985
3369,2025-10-14 16:45:34.963238+00:00,-2.2,micro,,3032.9000000000688,-651.6999999999848
3372,2025-10-14 16:49:52.679178+00:00,2.6,micro,,3035.5000000000687,-649.0999999999849
3375,2025-10-14 17:02:03.204440+00:00,4.3,micro,,3039.800000000069,-644.7999999999847
3374,2025-10-14 17:02:03.204440+00:00,4.4,micro,,3044.200000000069,-640.3999999999846
3376,2025-10-14 17:03:44.876475+00:00,3.1,micro,,3047.300000000069,-637.2999999999847
3380,2025-10-14 17:09:35.523827+00:00,-2.6,micro,,3044.700000000069,-639.8999999999846
3382,2025-10-14 17:10:22.783810+00:00,-2.6,micro,,3042.100000000069,-642.4999999999845
3384,2025-10-14 17:13:39.954614+00:00,-3.4,micro,,3038.700000000069,-645.8999999999846
3385,2025-10-14 17:13:39.954614+00:00,-3.0,micro,,3035.700000000069,-648.8999999999846
3387,2025-10-14 17:15:04.891376+00:00,-3.3,micro,,3032.4000000000688,-652.1999999999848
3390,2025-10-14 17:15:08.373509+00:00,-3.1,micro,,3029.300000000069,-655.2999999999847
3392,2025-10-14 17:17:38.827713+00:00,-2.6,micro,,3026.700000000069,-657.8999999999846
3395,2025-10-14 17:22:05.900902+00:00,1.7,micro,,3028.4000000000688,-656.1999999999848
3386,2025-10-14 17:36:04.857581+00:00,1.5,micro,,3029.9000000000688,-654.6999999999848
3399,2025-10-14 17:39:37.346571+00:00,1.7,micro,,3031.6000000000686,-652.999999999985
3397,2025-10-14 17:39:37.346571+00:00,2.5,micro,,3034.1000000000686,-650.499999999985
3402,2025-10-14 17:54:03.740665+00:00,3.7,micro,,3037.8000000000684,-646.7999999999852
3403,2025-10-14 17:58:02.037966+00:00,-2.2,micro,,3035.6000000000686,-648.999999999985
3406,2025-10-14 18:00:22.742868+00:00,1.8,micro,,3037.4000000000688,-647.1999999999848
3408,2025-10-14 18:29:58.697451+00:00,1.0,micro,,3038.4000000000688,-646.1999999999848
3410,2025-10-14 19:04:04.154639+00:00,4.8,micro,,3043.200000000069,-641.3999999999846
3411,2025-10-14 19:38:03.121398+00:00,14.0,micro,,3057.200000000069,-627.3999999999846
3413,2025-10-14 19:38:03.410278+00:00,8.2,micro,,3065.4000000000688,-619.1999999999848
3414,2025-10-14 19:38:03.410278+00:00,9.8,micro,,3075.200000000069,-609.3999999999846
3416,2025-10-14 19:38:07.143891+00:00,-2.4,micro,,3072.800000000069,-611.7999999999847
3421,2025-10-14 19:42:57.224082+00:00,2.4,micro,,3075.200000000069,-609.3999999999846
3420,2025-10-14 19:50:12.123966+00:00,1.0,micro,,3076.200000000069,-608.3999999999846
3425,2025-10-14 19:53:58.346900+00:00,2.6,micro,,3078.800000000069,-605.7999999999847
3423,2025-10-14 20:05:40.041393+00:00,-7.4,micro,,3071.4000000000688,-613.1999999999848
3428,2025-10-14 20:07:08.536762+00:00,1.7,micro,,3073.1000000000686,-611.499999999985
3430,2025-10-14 20:27:30.615845+00:00,-1.6,micro,,3071.5000000000687,-613.0999999999849
3432,2025-10-14 20:28:14.437429+00:00,-1.5,micro,,3070.0000000000687,-614.5999999999849
3434,2025-10-14 20:30:25.542069+00:00,-1.8,micro,,3068.2000000000685,-616.3999999999851
3436,2025-10-14 20:31:22.168223+00:00,-2.0,micro,,3066.2000000000685,-618.3999999999851
3440,2025-10-14 20:34:26.233862+00:00,-1.9,micro,,3064.3000000000684,-620.2999999999852
3439,2025-10-14 20:34:26.233862+00:00,-1.9,micro,,3062.4000000000683,-622.1999999999853
3443,2025-10-14 20:36:36.295147+00:00,1.4,micro,,3063.8000000000684,-620.7999999999852
3438,2025-10-14 21:04:55.031922+00:00,-3.5,micro,,3060.3000000000684,-624.2999999999852
3446,2025-10-14 22:01:37.555870+00:00,-2.7,micro,,3057.6000000000686,-626.999999999985
3448,2025-10-14 22:03:59.707139+00:00,2.5,micro,,3060.1000000000686,-624.499999999985
3449,2025-10-14 22:04:11.231885+00:00,1.7,micro,,3061.8000000000684,-622.7999999999852
3451,2025-10-14 22:05:13.106478+00:00,-2.8,micro,,3059.000000000068,-625.5999999999854
3454,2025-10-14 22:13:04.469991+00:00,-0.4,micro,,3058.600000000068,-625.9999999999854
3455,2025-10-14 22:15:27.083042+00:00,-2.2,micro,,3056.4000000000683,-628.1999999999853
3458,2025-10-14 22:18:02.396858+00:00,1.7,micro,,3058.100000000068,-626.4999999999854
3459,2025-10-14 22:18:57.028553+00:00,1.8,micro,,3059.9000000000683,-624.6999999999853
3462,2025-10-14 22:35:03.882602+00:00,1.1,micro,,3061.000000000068,-623.5999999999854
3463,2025-10-14 22:36:39.292344+00:00,1.7,micro,,3062.700000000068,-621.8999999999855
3467,2025-10-14 23:00:14.848447+00:00,1.6,micro,,3064.300000000068,-620.2999999999856
3466,2025-10-14 23:01:36.268635+00:00,-8.4,micro,,3055.900000000068,-628.6999999999857
3470,2025-10-14 23:04:13.405618+00:00,1.3,micro,,3057.200000000068,-627.3999999999855
